# returns,episode_length
2.643699931121910396e+01,3.700000000000000000e+01
2.773961768965709229e+00,4.000000000000000000e+00
8.207515969564003200e+00,1.100000000000000000e+01
2.637688849750019493e+00,4.000000000000000000e+00
1.359911071972241814e+00,2.000000000000000000e+00
3.888896589302675899e+00,6.000000000000000000e+00
3.941786345427725102e+00,6.000000000000000000e+00
1.987014456919959038e+00,3.000000000000000000e+00
2.415022582866029222e+00,3.000000000000000000e+00
3.915532802958770819e+00,6.000000000000000000e+00
1.069610630310589272e+01,1.400000000000000000e+01
1.074760130276494685e+01,1.200000000000000000e+01
1.324729244684438001e+01,1.500000000000000000e+01
2.359358141727762703e+00,4.000000000000000000e+00
1.171999344830840428e+01,1.800000000000000000e+01
1.996407761796213620e+01,2.800000000000000000e+01
4.748728096954841327e+00,8.000000000000000000e+00
4.471692181036464042e+00,6.000000000000000000e+00
3.634837318807320639e+00,6.000000000000000000e+00
9.578055436441236026e+00,1.500000000000000000e+01
1.998126016169025521e+00,3.000000000000000000e+00
3.441072480294143698e+00,5.000000000000000000e+00
2.275179077206895606e+00,4.000000000000000000e+00
4.502080399349142503e+00,8.000000000000000000e+00
1.887014905057914582e+00,3.000000000000000000e+00
5.970415815103891077e+00,9.000000000000000000e+00
4.039276037139523545e+00,5.000000000000000000e+00
8.718929497221836300e+00,1.100000000000000000e+01
2.663885305562425643e+00,4.000000000000000000e+00
1.041268453198125421e+01,1.200000000000000000e+01
1.638602907934485131e+01,2.500000000000000000e+01
6.164200586599373644e+00,8.000000000000000000e+00
6.247614494552390596e+00,7.000000000000000000e+00
6.745036826842014221e+00,9.000000000000000000e+00
1.827692477581046404e+01,2.700000000000000000e+01
2.246183991187931106e+00,3.000000000000000000e+00
1.294038604167218764e+01,2.000000000000000000e+01
1.741362335714062226e+01,2.400000000000000000e+01
9.514792599656228589e+00,1.300000000000000000e+01
3.835797157316050310e+00,6.000000000000000000e+00
1.181918881908068109e+01,1.600000000000000000e+01
1.631801733369733043e+01,2.600000000000000000e+01
2.410418896603942684e+01,3.100000000000000000e+01
4.358032111853483492e+00,6.000000000000000000e+00
3.694736343411346713e+00,6.000000000000000000e+00
5.330048535419887656e+00,7.000000000000000000e+00
2.302956854984673285e+00,4.000000000000000000e+00
1.224227104925395437e+01,1.800000000000000000e+01
6.892319204355913165e+00,1.200000000000000000e+01
2.443536305460353830e+00,4.000000000000000000e+00
2.926885077625288289e+01,4.000000000000000000e+01
5.720495489455775129e+00,9.000000000000000000e+00
7.999107257036556007e+00,1.200000000000000000e+01
1.676003398696596136e+01,2.400000000000000000e+01
1.197435157221614865e+01,1.800000000000000000e+01
8.443201694084283560e+00,1.300000000000000000e+01
2.832868122289681434e+00,5.000000000000000000e+00
1.282942935825813002e+01,1.800000000000000000e+01
9.520686553832483412e+00,1.300000000000000000e+01
7.662155214529885683e+00,1.100000000000000000e+01
5.579751814396725074e+00,7.000000000000000000e+00
2.501263786696641400e+00,4.000000000000000000e+00
1.416485386441294558e+01,2.300000000000000000e+01
2.530199894236921310e+01,4.000000000000000000e+01
4.110173644526319947e+00,7.000000000000000000e+00
2.443537436470900381e+00,4.000000000000000000e+00
1.526870769804233863e+00,3.000000000000000000e+00
2.831689249532695740e+00,4.000000000000000000e+00
8.467902520323015381e+00,1.400000000000000000e+01
4.609914000594519834e+00,6.000000000000000000e+00
4.054718043413285677e+00,7.000000000000000000e+00
4.862433370972141233e+00,7.000000000000000000e+00
2.026577738638908333e+00,3.000000000000000000e+00
1.424343756334980959e+01,1.900000000000000000e+01
8.691854119448807481e+00,1.400000000000000000e+01
2.639391408567844266e+00,5.000000000000000000e+00
1.146938528971044668e+01,1.800000000000000000e+01
2.734017455954984133e+00,4.000000000000000000e+00
1.638888888888889062e+00,3.000000000000000000e+00
6.222514502164750994e+00,9.000000000000000000e+00
7.121320306832697788e+00,1.100000000000000000e+01
1.971022183083352974e+00,3.000000000000000000e+00
1.302989702850030440e+01,1.900000000000000000e+01
1.650841464516032886e+01,2.300000000000000000e+01
3.719440624740183221e+00,5.000000000000000000e+00
1.238339981399176182e+01,1.700000000000000000e+01
8.247365699863433264e+00,1.400000000000000000e+01
5.873783852013352735e+00,1.000000000000000000e+01
3.473821512437532455e+00,6.000000000000000000e+00
6.181621899811115206e+00,7.000000000000000000e+00
4.828715206409334826e+00,6.000000000000000000e+00
5.025947203457909573e+00,7.000000000000000000e+00
1.359691457807530846e+01,2.000000000000000000e+01
2.997015470470726139e+00,4.000000000000000000e+00
6.028874007996553708e+00,8.000000000000000000e+00
1.588179192261635997e+01,2.300000000000000000e+01
4.014789456963598013e+00,6.000000000000000000e+00
2.764933773933675898e+00,4.000000000000000000e+00
1.832425195486203195e+00,3.000000000000000000e+00
5.110542020179495992e+00,7.000000000000000000e+00
3.023903293948521309e+00,4.000000000000000000e+00
4.972246081104372273e+00,8.000000000000000000e+00
4.358355501959237266e+00,7.000000000000000000e+00
8.994441079670515649e+00,1.100000000000000000e+01
2.831689249532695740e+00,4.000000000000000000e+00
8.611935626983893144e+00,1.300000000000000000e+01
1.082738389793570377e+01,1.600000000000000000e+01
2.996918823745807536e+00,5.000000000000000000e+00
1.887014905057914582e+00,3.000000000000000000e+00
2.857739146960810217e+00,4.000000000000000000e+00
4.193546449576921020e+00,7.000000000000000000e+00
1.751200039138870013e+00,4.000000000000000000e+00
1.052893418446769402e+01,1.800000000000000000e+01
1.875073015681584465e+01,3.100000000000000000e+01
1.021894567322425118e+01,1.600000000000000000e+01
8.745428202012497820e+00,1.100000000000000000e+01
1.880422757304328485e+01,3.200000000000000000e+01
2.146467051719086783e+01,3.100000000000000000e+01
8.582340568436706008e+00,1.100000000000000000e+01
1.496718760665474335e+01,2.100000000000000000e+01
6.665022733988099191e+00,9.000000000000000000e+00
6.984174643277406780e+00,1.000000000000000000e+01
2.305954827106994287e+00,5.000000000000000000e+00
8.444066936698572334e+00,1.400000000000000000e+01
1.346696750885252314e+01,1.900000000000000000e+01
2.360583555179560733e+01,3.700000000000000000e+01
5.080781110548148405e+00,7.000000000000000000e+00
1.016710661006122862e+01,1.400000000000000000e+01
2.042036795265944615e+00,3.000000000000000000e+00
1.413494990079628089e+01,1.800000000000000000e+01
3.667010208025829776e+00,7.000000000000000000e+00
9.054210932278364155e+00,1.500000000000000000e+01
1.358939186099680230e+00,3.000000000000000000e+00
9.357348767025438718e+00,1.100000000000000000e+01
5.386187517476309417e+00,9.000000000000000000e+00
1.610204103137567122e+00,3.000000000000000000e+00
1.829961369183032760e+00,3.000000000000000000e+00
1.802183591405255081e+00,3.000000000000000000e+00
3.026870769804234307e+00,5.000000000000000000e+00
1.291412469289451792e+01,2.100000000000000000e+01
1.751264429589618699e+00,3.000000000000000000e+00
9.048437377995428577e+00,1.400000000000000000e+01
2.743843868279740761e+01,4.000000000000000000e+01
4.942045933521684198e+00,6.000000000000000000e+00
4.805528482630421649e+00,9.000000000000000000e+00
3.776878734105000301e+00,6.000000000000000000e+00
2.513510882092997534e+01,4.000000000000000000e+01
3.722268122700935766e+00,6.000000000000000000e+00
2.094012798098343353e+01,3.500000000000000000e+01
6.970106356938940095e+00,1.100000000000000000e+01
2.304648547582011542e+00,4.000000000000000000e+00
4.609467027310473419e+00,6.000000000000000000e+00
6.134745874542041122e+00,8.000000000000000000e+00
1.796175172655769359e+01,2.500000000000000000e+01
1.887688849750019493e+00,3.000000000000000000e+00
2.327480291628540243e+01,3.000000000000000000e+01
6.152311569269607539e+00,1.000000000000000000e+01
2.689954077624889806e+00,4.000000000000000000e+00
1.047072942693549713e+01,1.500000000000000000e+01
8.163867100806040611e+00,1.000000000000000000e+01
2.637688849750019493e+00,4.000000000000000000e+00
6.635580873161916138e+00,1.100000000000000000e+01
5.403843756241188068e+00,7.000000000000000000e+00
1.818662603103634368e+01,2.600000000000000000e+01
7.362044131602235808e+00,1.200000000000000000e+01
9.930231172404896611e+00,1.700000000000000000e+01
2.498633920256359886e+00,4.000000000000000000e+00
1.738693261235214393e+01,2.500000000000000000e+01
1.030119746382310453e+01,1.200000000000000000e+01
3.250419558070070103e+00,5.000000000000000000e+00
1.089178630467197628e+01,1.700000000000000000e+01
4.802945501310119880e+00,6.000000000000000000e+00
2.997669457650374625e+00,4.000000000000000000e+00
1.944523243365370035e+01,3.000000000000000000e+01
1.855161884549978879e+01,3.100000000000000000e+01
9.309371719398688683e+00,1.600000000000000000e+01
3.468595987645345158e+00,5.000000000000000000e+00
7.552833150457672673e+00,1.100000000000000000e+01
1.555047115389265677e+01,2.300000000000000000e+01
3.026869638792572204e+00,5.000000000000000000e+00
4.944727871054649171e+00,7.000000000000000000e+00
1.258254183536392823e+01,1.500000000000000000e+01
1.785980729277184409e+01,3.000000000000000000e+01
2.624589394097731088e+01,4.000000000000000000e+01
1.319023697849258703e+01,2.100000000000000000e+01
1.113658480490731861e+01,1.400000000000000000e+01
1.305258197531707864e+01,2.200000000000000000e+01
1.688281480204674523e+01,2.000000000000000000e+01
9.526809906271550332e+00,1.500000000000000000e+01
1.286009944170743324e+01,1.900000000000000000e+01
3.748355916199362703e+00,5.000000000000000000e+00
2.572111871318696430e+01,3.700000000000000000e+01
7.440831554338404707e+00,1.200000000000000000e+01
7.968694599077113416e+00,1.200000000000000000e+01
7.167904478686286218e+00,9.000000000000000000e+00
1.859911071972241592e+00,3.000000000000000000e+00
1.019273403142991796e+01,1.200000000000000000e+01
1.387014905057914582e+00,2.000000000000000000e+00
1.530171960889999028e+01,2.500000000000000000e+01
3.693997934718751708e+00,6.000000000000000000e+00
1.249780675165488120e+01,2.000000000000000000e+01
7.940926249247746149e+00,1.000000000000000000e+01
8.188985857241894095e+00,1.000000000000000000e+01
4.109837142001174115e+00,6.000000000000000000e+00
8.968466246859140512e+00,1.000000000000000000e+01
1.998799960861130653e+00,3.000000000000000000e+00
1.585632263385309138e+01,2.400000000000000000e+01
6.775627306594066646e+00,1.000000000000000000e+01
3.775387130529385793e+00,5.000000000000000000e+00
2.631064349367797917e+01,3.900000000000000000e+01
2.042036795265944615e+00,3.000000000000000000e+00
4.419571320892866417e+00,8.000000000000000000e+00
2.720114687655765806e+00,4.000000000000000000e+00
8.789724347551130634e+00,1.200000000000000000e+01
8.802106376903786611e+00,1.300000000000000000e+01
9.163610502354147869e+00,1.500000000000000000e+01
6.056076075400826042e+00,9.000000000000000000e+00
4.747615642135606606e+00,6.000000000000000000e+00
5.553589131634391940e+00,7.000000000000000000e+00
2.053448020989098843e+00,3.000000000000000000e+00
7.985840954772026379e+00,1.200000000000000000e+01
2.331454890599497176e+00,4.000000000000000000e+00
1.721838398563616579e+01,2.300000000000000000e+01
7.830343903769592551e+00,1.100000000000000000e+01
9.082424797556075902e+00,1.300000000000000000e+01
2.747892465433543485e+00,4.000000000000000000e+00
5.107714660363511960e+00,7.000000000000000000e+00
7.332722938653849276e+00,1.200000000000000000e+01
1.301441970440385809e+01,1.900000000000000000e+01
1.304355516416686012e+00,2.000000000000000000e+00
2.250000000000000444e+00,4.000000000000000000e+00
9.806746278994705079e+00,1.300000000000000000e+01
6.775341794210666180e+00,1.100000000000000000e+01
2.106551327355476388e+01,2.700000000000000000e+01
6.779969339105342385e+00,1.100000000000000000e+01
1.224394147233653474e+00,2.000000000000000000e+00
1.527777777777778123e+00,3.000000000000000000e+00
1.874602883704780965e+01,2.900000000000000000e+01
9.331672622255103633e+00,1.300000000000000000e+01
1.160896077987137431e+01,1.400000000000000000e+01
1.553803647054708970e+00,3.000000000000000000e+00
2.857295102299042266e+00,4.000000000000000000e+00
8.612819134271759935e+00,1.400000000000000000e+01
1.202415010552658003e+01,1.500000000000000000e+01
1.887014905057914582e+00,3.000000000000000000e+00
6.305050310708592676e+00,1.000000000000000000e+01
4.694450909852875498e+00,8.000000000000000000e+00
2.413945214995629307e+00,4.000000000000000000e+00
4.095399050872784663e+00,5.000000000000000000e+00
6.308936254066751737e+00,1.000000000000000000e+01
4.553164908307163472e+00,6.000000000000000000e+00
2.829517324521264587e+00,4.000000000000000000e+00
9.168837580298671242e+00,1.400000000000000000e+01
7.717196702158447330e+00,1.100000000000000000e+01
8.830272020308395753e+00,1.200000000000000000e+01
1.427288227541495225e+01,2.000000000000000000e+01
3.692576097774027843e+00,6.000000000000000000e+00
5.802497711437480277e+00,7.000000000000000000e+00
1.002832710700769425e+01,1.200000000000000000e+01
4.945164440615526402e+00,8.000000000000000000e+00
4.722514502164751882e+00,7.000000000000000000e+00
4.912948296690832883e+00,6.000000000000000000e+00
3.026577738638908333e+00,4.000000000000000000e+00
4.277711602346804476e+00,6.000000000000000000e+00
5.272040416186007938e+00,8.000000000000000000e+00
2.169281648728683010e+01,3.400000000000000000e+01
2.157879879963119407e+01,3.000000000000000000e+01
5.429866109689123199e+00,7.000000000000000000e+00
7.917892053354646187e+00,1.200000000000000000e+01
8.470762312565529584e+00,1.100000000000000000e+01
2.153147906377055776e+00,3.000000000000000000e+00
8.927836373178053009e+00,1.000000000000000000e+01
6.777399772152183033e+00,1.100000000000000000e+01
9.384201568006286465e+00,1.300000000000000000e+01
1.372489294568434204e+01,2.100000000000000000e+01
5.827174272055906101e+00,8.000000000000000000e+00
2.609297971848108411e+00,4.000000000000000000e+00
1.155458393438316733e+01,1.900000000000000000e+01
5.860195915221586560e+00,8.000000000000000000e+00
5.468916164808439895e+00,7.000000000000000000e+00
9.613609904599867306e+00,1.300000000000000000e+01
1.169277020327239036e+01,2.000000000000000000e+01
1.341357829933198964e+01,1.500000000000000000e+01
9.168378093733531742e+00,1.600000000000000000e+01
5.942176586512712078e+00,9.000000000000000000e+00
2.358389802359862841e+00,4.000000000000000000e+00
2.493956482285272358e+01,4.000000000000000000e+01
7.495763946821849544e+00,1.100000000000000000e+01
2.803448020989098843e+00,4.000000000000000000e+00
1.061283910805326869e+01,1.700000000000000000e+01
2.026577738638908333e+00,3.000000000000000000e+00
5.581453688264430113e+00,8.000000000000000000e+00
2.831015150901224686e+00,4.000000000000000000e+00
2.236952534716668239e+01,3.600000000000000000e+01
1.058209906903181796e+01,1.600000000000000000e+01
7.190661129750393954e+00,8.000000000000000000e+00
3.608792928679002365e+00,5.000000000000000000e+00
1.941064133323516216e+01,2.600000000000000000e+01
2.054355516416686456e+00,3.000000000000000000e+00
3.109296027020709730e+00,5.000000000000000000e+00
1.496986887036232439e+01,2.300000000000000000e+01
1.971827744237060642e+01,3.300000000000000000e+01
1.755347060460724506e+01,2.700000000000000000e+01
6.471246894430197294e+00,8.000000000000000000e+00
1.255817044441849895e+01,2.000000000000000000e+01
5.386501100361236638e+00,7.000000000000000000e+00
1.877613195242187771e+01,3.000000000000000000e+01
7.722666267167602072e+00,1.300000000000000000e+01
9.136129586262851987e+00,1.400000000000000000e+01
1.766392128733621902e+01,2.700000000000000000e+01
7.161840307209373258e+00,1.200000000000000000e+01
1.637136980388042451e+00,3.000000000000000000e+00
7.469194024256869291e+00,1.000000000000000000e+01
3.058927519705856302e+00,5.000000000000000000e+00
1.064187407235511174e+01,1.700000000000000000e+01
6.945580636502877603e+00,1.000000000000000000e+01
2.750291898966902515e+00,5.000000000000000000e+00
1.327496533534539580e+01,2.000000000000000000e+01
6.694247042892182975e+00,1.000000000000000000e+01
9.401876609976977051e+00,1.200000000000000000e+01
1.369152110323260629e+01,1.700000000000000000e+01
6.196155851259272929e+00,1.100000000000000000e+01
1.037413678928142247e+01,1.600000000000000000e+01
2.413945214995629307e+00,4.000000000000000000e+00
8.688200787029142447e+00,1.200000000000000000e+01
1.736499431206655331e+01,2.800000000000000000e+01
1.343877276442571400e+01,2.000000000000000000e+01
2.444399131234018085e+00,5.000000000000000000e+00
1.449352858943194455e+01,1.800000000000000000e+01
3.582074819177276215e+00,5.000000000000000000e+00
3.691399921313307075e+00,5.000000000000000000e+00
4.411943162426981146e+00,6.000000000000000000e+00
1.982745813314649297e+01,2.500000000000000000e+01
1.288414473017367712e+01,1.700000000000000000e+01
1.771832594913286840e+01,2.700000000000000000e+01
5.081622060055462242e+00,6.000000000000000000e+00
1.998126016169025521e+00,3.000000000000000000e+00
2.199232932599544199e+01,3.000000000000000000e+01
9.442777430776526870e+00,1.300000000000000000e+01
6.439204637163267186e+00,8.000000000000000000e+00
2.521411842011177029e+01,3.500000000000000000e+01
2.641492638252752556e+01,4.000000000000000000e+01
3.792711551711453577e+00,5.000000000000000000e+00
1.720342578362127117e+00,3.000000000000000000e+00
2.160622012162419026e+01,3.200000000000000000e+01
5.662956563903457585e+00,7.000000000000000000e+00
2.818907195304089619e+00,4.000000000000000000e+00
1.325092918468297576e+01,2.000000000000000000e+01
7.248176467683553170e+00,1.100000000000000000e+01
9.026927589578338740e+00,1.200000000000000000e+01
2.083777377995101432e+00,4.000000000000000000e+00
2.024452845183738248e+01,3.100000000000000000e+01
4.887688849750019493e+00,7.000000000000000000e+00
2.662176299847112126e+00,4.000000000000000000e+00
1.334244040400077580e+01,1.500000000000000000e+01
6.196105135316874346e+00,8.000000000000000000e+00
9.222897794898136326e+00,1.300000000000000000e+01
1.859911071972241592e+00,3.000000000000000000e+00
1.488541751182225603e+01,2.200000000000000000e+01
7.415633033946325448e+00,9.000000000000000000e+00
9.027831218181834316e+00,1.500000000000000000e+01
2.444444444444444642e+00,4.000000000000000000e+00
1.970348238391247842e+00,3.000000000000000000e+00
1.638402698187787010e+01,2.400000000000000000e+01
4.026075218959952906e+00,5.000000000000000000e+00
1.483467148996389540e+01,2.100000000000000000e+01
8.082496026134730727e+00,1.300000000000000000e+01
1.780846920835834624e+01,2.700000000000000000e+01
2.545578493713608026e+01,3.900000000000000000e+01
1.504713725960973747e+01,2.400000000000000000e+01
2.026577738638908333e+00,3.000000000000000000e+00
2.594432043186340664e+01,4.000000000000000000e+01
2.529042207367396156e+00,4.000000000000000000e+00
2.584597762922951514e+00,4.000000000000000000e+00
1.777693709806165856e+01,2.800000000000000000e+01
5.248297441182175227e+00,7.000000000000000000e+00
3.942393624620054382e+00,6.000000000000000000e+00
1.829893913274075956e+01,2.600000000000000000e+01
1.096035169259770514e+00,2.000000000000000000e+00
5.636845765201998759e+00,8.000000000000000000e+00
2.860110416752617901e+00,5.000000000000000000e+00
1.055161424312540319e+01,1.600000000000000000e+01
1.166056340235776290e+01,1.700000000000000000e+01
6.801596548347760951e+00,8.000000000000000000e+00
3.773903293948521309e+00,5.000000000000000000e+00
1.530721622649014435e+01,2.200000000000000000e+01
2.003829413287596850e+01,2.800000000000000000e+01
1.741320531005813166e+01,2.300000000000000000e+01
2.822029678101230132e+01,4.000000000000000000e+01
3.391414155129738095e+00,6.000000000000000000e+00
1.942570460613469940e+00,3.000000000000000000e+00
5.087149208608445328e+00,8.000000000000000000e+00
2.474766436271840320e+01,3.700000000000000000e+01
4.720511962990610932e+00,6.000000000000000000e+00
1.174594217380358607e+01,1.400000000000000000e+01
2.614538992638984372e+00,5.000000000000000000e+00
1.970348238391247842e+00,3.000000000000000000e+00
1.829961369183032760e+00,3.000000000000000000e+00
2.914348484234558168e+00,4.000000000000000000e+00
1.128073209954773759e+01,1.600000000000000000e+01
3.196616369455876239e+00,5.000000000000000000e+00
1.477946245706481498e+01,2.600000000000000000e+01
5.273895593534735582e+00,7.000000000000000000e+00
2.202477800685522880e+01,3.400000000000000000e+01
1.039059030279043405e+01,1.600000000000000000e+01
5.108502229015015494e+00,8.000000000000000000e+00
1.241831997811508970e+01,2.000000000000000000e+01
1.843640789863489715e+01,2.700000000000000000e+01
7.861164553703863689e+00,1.400000000000000000e+01
2.747080097400432308e+01,4.000000000000000000e+01
2.469161994011161099e+01,4.000000000000000000e+01
3.025898132710060029e+00,5.000000000000000000e+00
1.475054519032533307e+01,2.200000000000000000e+01
7.249930077124579597e+00,1.100000000000000000e+01
2.556819985145173835e+00,4.000000000000000000e+00
2.746628035849699501e+00,4.000000000000000000e+00
7.748664897243115135e+00,1.100000000000000000e+01
4.529439482696467678e+00,6.000000000000000000e+00
7.834606880748752111e+00,1.200000000000000000e+01
1.331459349502358780e+00,2.000000000000000000e+00
2.153147906377055776e+00,3.000000000000000000e+00
2.447060414117643745e+00,4.000000000000000000e+00
1.927757667866646329e+01,2.700000000000000000e+01
2.636781354322431881e+00,4.000000000000000000e+00
1.144325325330247267e+01,1.600000000000000000e+01
4.719837864357828927e+00,6.000000000000000000e+00
7.076738123315062801e+00,1.000000000000000000e+01
4.468865978485395907e+00,6.000000000000000000e+00
6.775379105071173136e+00,8.000000000000000000e+00
1.438619873009959882e+01,2.200000000000000000e+01
1.110816058550018859e+01,1.600000000000000000e+01
1.049604966824810681e+01,1.700000000000000000e+01
1.849820719476828756e+01,3.000000000000000000e+01
6.971966342222602364e+00,1.000000000000000000e+01
2.939548828375281531e+00,5.000000000000000000e+00
2.400852344192327958e+00,4.000000000000000000e+00
9.333844587412645666e+00,1.500000000000000000e+01
1.408453982029323903e+01,2.200000000000000000e+01
7.414136701105734417e+00,1.200000000000000000e+01
1.927891624950728300e+01,2.600000000000000000e+01
1.205464597438265884e+01,1.600000000000000000e+01
1.610204103137567122e+00,3.000000000000000000e+00
1.346747568299154985e+01,1.600000000000000000e+01
1.205091275189823108e+01,1.400000000000000000e+01
4.026024807325923049e+00,6.000000000000000000e+00
3.691419622154930469e+00,5.000000000000000000e+00
1.807727480566986955e+00,3.000000000000000000e+00
6.695189236070081762e+00,1.100000000000000000e+01
1.413017412327887534e+01,2.000000000000000000e+01
2.998355916199362259e+00,4.000000000000000000e+00
7.566427433743738717e+00,9.000000000000000000e+00
6.831956207942141646e+00,1.000000000000000000e+01
2.588390948665415436e+01,4.000000000000000000e+01
4.051681071726299876e+00,5.000000000000000000e+00
1.307890618131746407e+01,1.800000000000000000e+01
6.105829721208290373e+00,7.000000000000000000e+00
1.146865333968682066e+01,1.800000000000000000e+01
2.603907396315537781e+01,3.300000000000000000e+01
1.919214171365202404e+01,2.900000000000000000e+01
1.305036522093855034e+01,1.800000000000000000e+01
2.135759781661880297e+01,3.100000000000000000e+01
2.225004596948051372e+01,3.100000000000000000e+01
4.191280050373714872e+00,6.000000000000000000e+00
3.555001573621459521e+00,6.000000000000000000e+00
1.699095894144689467e+01,2.400000000000000000e+01
8.001675718160511153e+00,1.200000000000000000e+01
1.610202973263981097e+00,3.000000000000000000e+00
2.099860215386401308e+01,3.400000000000000000e+01
5.057328440664072389e+00,8.000000000000000000e+00
6.830699032081365196e+00,1.100000000000000000e+01
2.415022582866029222e+00,3.000000000000000000e+00
1.141644755726783167e+01,1.500000000000000000e+01
2.158013732831195242e+01,3.500000000000000000e+01
4.166104933634641405e+00,7.000000000000000000e+00
4.661884687409799888e+00,6.000000000000000000e+00
8.581450229311174738e+00,1.000000000000000000e+01
1.217892231134382186e+01,1.500000000000000000e+01
5.444985347861278413e+00,8.000000000000000000e+00
4.914268104680695082e+00,6.000000000000000000e+00
6.913420506482694350e+00,9.000000000000000000e+00
2.397219864783438226e+01,4.000000000000000000e+01
3.540598938945986429e+00,5.000000000000000000e+00
1.858015507483494133e+01,2.900000000000000000e+01
4.641002338883133405e+00,6.000000000000000000e+00
5.082483669364147083e+00,8.000000000000000000e+00
1.416834446596124764e+01,2.100000000000000000e+01
1.285879150885294209e+01,1.600000000000000000e+01
2.038290408164847634e+01,2.600000000000000000e+01
7.635840252338700118e+00,1.000000000000000000e+01
2.313775402930350822e+01,3.800000000000000000e+01
1.892612956284635217e+01,3.000000000000000000e+01
1.666666666666666741e+00,3.000000000000000000e+00
1.411277266228096927e+01,1.700000000000000000e+01
8.376045249987107866e+00,1.200000000000000000e+01
2.102162138511232214e+01,2.800000000000000000e+01
1.887688849750019493e+00,3.000000000000000000e+00
9.219441322217829082e+00,1.300000000000000000e+01
1.257961723974680801e+01,1.600000000000000000e+01
9.744292731684669917e+00,1.300000000000000000e+01
2.071682712195800491e+01,2.800000000000000000e+01
2.008374067053909329e+01,3.000000000000000000e+01
2.358126581581837300e+00,3.000000000000000000e+00
6.055553843021360017e+00,1.000000000000000000e+01
1.277751105862182612e+01,2.000000000000000000e+01
1.016403219730363539e+01,1.200000000000000000e+01
1.307876121180071216e+01,1.700000000000000000e+01
2.415759658693122702e+00,4.000000000000000000e+00
1.221972224278376196e+01,1.800000000000000000e+01
6.248162213887690442e+00,8.000000000000000000e+00
6.775895737113689421e+00,9.000000000000000000e+00
4.026075218959952906e+00,5.000000000000000000e+00
7.856733926493950193e+00,1.000000000000000000e+01
3.249032516810721027e+00,5.000000000000000000e+00
1.983675785887009368e+01,3.200000000000000000e+01
1.308065773723614100e+01,1.800000000000000000e+01
3.497892465433543485e+00,5.000000000000000000e+00
1.834597762922951736e+00,3.000000000000000000e+00
1.180272726679051942e+01,1.900000000000000000e+01
1.360542372993729110e+01,1.900000000000000000e+01
3.831689249532695740e+00,5.000000000000000000e+00
2.860572645088311816e+01,4.000000000000000000e+01
2.641135974031938360e+01,3.200000000000000000e+01
2.473486651811840797e+00,4.000000000000000000e+00
6.524716480022916265e+00,9.000000000000000000e+00
6.331910780894102864e+00,1.000000000000000000e+01
2.247039391638224970e+01,3.200000000000000000e+01
3.858389659440073949e+00,6.000000000000000000e+00
6.440441703086994707e+00,9.000000000000000000e+00
1.393926782086121463e+01,2.000000000000000000e+01
2.786014663878434305e+01,4.000000000000000000e+01
2.303675911695460599e+00,4.000000000000000000e+00
1.533046115612361326e+01,2.500000000000000000e+01
2.205029120577600921e+01,3.300000000000000000e+01
5.274196258841170604e+00,7.000000000000000000e+00
4.525843657103636453e+00,6.000000000000000000e+00
7.443185779166317850e+00,9.000000000000000000e+00
2.433149768073545260e+01,4.000000000000000000e+01
2.205083593801956710e+01,2.500000000000000000e+01
9.303155630723427549e+00,1.100000000000000000e+01
9.584682701351107781e+00,1.300000000000000000e+01
1.305157434315479925e+01,2.000000000000000000e+01
5.692853994103436399e+00,8.000000000000000000e+00
1.732831505328545774e+01,2.300000000000000000e+01
4.830723279087897559e+00,6.000000000000000000e+00
7.162581459907716663e+00,1.100000000000000000e+01
1.519133633523638416e+01,1.900000000000000000e+01
2.277777777777778123e+00,4.000000000000000000e+00
1.316497694564764842e+01,1.600000000000000000e+01
5.401861770467913715e+00,7.000000000000000000e+00
8.389676530010071076e+00,1.000000000000000000e+01
3.945237743266548414e+00,7.000000000000000000e+00
1.094087749697309953e+01,1.600000000000000000e+01
2.502171925011431597e+00,4.000000000000000000e+00
2.116421393041145649e+01,2.800000000000000000e+01
1.691389639900559061e+01,2.500000000000000000e+01
1.338939026133582821e+01,2.000000000000000000e+01
1.919390844934685347e+01,3.000000000000000000e+01
1.246628035849699279e+00,2.000000000000000000e+00
3.111461950759879969e+00,6.000000000000000000e+00
3.138666672896827237e+01,4.000000000000000000e+01
2.485488861094230018e+01,4.000000000000000000e+01
6.831076233269834042e+00,1.000000000000000000e+01
4.553164908307163472e+00,6.000000000000000000e+00
3.625137389617138162e+00,5.000000000000000000e+00
9.996698899759516976e+00,1.200000000000000000e+01
1.466365184419072953e+01,1.700000000000000000e+01
1.451283928177518767e+01,2.100000000000000000e+01
2.849950347140424611e+01,4.000000000000000000e+01
8.471313932785362155e+00,1.100000000000000000e+01
1.970348238391247842e+00,3.000000000000000000e+00
6.803017457389151978e+00,1.000000000000000000e+01
1.998799960861130653e+00,3.000000000000000000e+00
4.998289740768388612e+00,6.000000000000000000e+00
1.105167220386860727e+01,1.300000000000000000e+01
1.186230755653803115e+01,1.400000000000000000e+01
3.857236627281854791e+00,5.000000000000000000e+00
4.053729028152316616e+00,6.000000000000000000e+00
1.375998262386468340e+01,2.100000000000000000e+01
1.074988400481969641e+01,1.500000000000000000e+01
8.276510395723869706e+00,1.000000000000000000e+01
8.279201735785436611e+00,1.100000000000000000e+01
4.972579879156207028e+00,7.000000000000000000e+00
2.649473152605230197e+01,3.800000000000000000e+01
6.499987179899008538e+00,1.000000000000000000e+01
6.805044321416554354e+00,9.000000000000000000e+00
4.884230549328286486e+00,6.000000000000000000e+00
2.758299108302156810e+01,4.000000000000000000e+01
1.902431144901089155e+01,3.100000000000000000e+01
4.939199576858630536e+00,6.000000000000000000e+00
2.932531981171021940e+01,4.000000000000000000e+01
1.609359202610264772e+00,3.000000000000000000e+00
1.034621595765011826e+01,1.200000000000000000e+01
8.608541762986192225e+00,1.300000000000000000e+01
8.360355516503819473e+00,1.000000000000000000e+01
3.387206745877745284e+00,6.000000000000000000e+00
5.997614628089346311e+00,7.000000000000000000e+00
2.123932272279319466e+00,3.000000000000000000e+00
4.803157044632795802e+00,6.000000000000000000e+00
1.720197717091541989e+01,1.900000000000000000e+01
2.788525723654694843e+01,4.000000000000000000e+01
1.516312228977382404e+01,2.200000000000000000e+01
9.691072479949031759e+00,1.200000000000000000e+01
1.349910421787389403e+01,2.000000000000000000e+01
9.940441304839078285e+00,1.100000000000000000e+01
6.918780118976645355e+00,1.000000000000000000e+01
8.248204664686769050e+00,1.100000000000000000e+01
7.637036855738614349e+00,1.200000000000000000e+01
2.918564146454087549e+01,4.000000000000000000e+01
2.149961706509419912e+01,3.500000000000000000e+01
5.802498959024345204e+00,7.000000000000000000e+00
1.214016490859491881e+01,2.000000000000000000e+01
2.002562256241580485e+01,2.900000000000000000e+01
9.190430438401426372e+00,1.200000000000000000e+01
2.647123531462437995e+01,4.000000000000000000e+01
6.612331874603412984e+00,9.000000000000000000e+00
8.969376035351521281e+00,1.200000000000000000e+01
8.717445505906793457e+00,1.100000000000000000e+01
4.773208972820230045e+00,6.000000000000000000e+00
1.291717803434183409e+01,1.900000000000000000e+01
2.910710198080435873e+01,4.000000000000000000e+01
1.749602625220264684e+01,2.200000000000000000e+01
2.433330068091674647e+01,4.000000000000000000e+01
4.386106766134283852e+00,6.000000000000000000e+00
2.666590021399400001e+01,3.500000000000000000e+01
1.402409084368341929e+01,1.900000000000000000e+01
2.344361220362923603e+01,3.400000000000000000e+01
1.946424195251121247e+01,2.700000000000000000e+01
5.112755194911748902e+00,8.000000000000000000e+00
2.302339446550825386e+01,3.000000000000000000e+01
2.991100482955101825e+01,4.000000000000000000e+01
1.657676771243087543e+01,2.200000000000000000e+01
5.415458927114010557e+00,7.000000000000000000e+00
1.124723872710087491e+01,1.700000000000000000e+01
1.613490242512110484e+01,2.500000000000000000e+01
3.969833042691478298e+00,5.000000000000000000e+00
6.528999034738024676e+00,1.000000000000000000e+01
2.768956443365935982e+01,4.000000000000000000e+01
2.680674142000101412e+01,4.000000000000000000e+01
2.827411596672648031e+01,4.000000000000000000e+01
2.641608347197497864e+01,4.000000000000000000e+01
1.721834773874417124e+01,2.400000000000000000e+01
1.024961609833586529e+01,1.200000000000000000e+01
5.581897822507451146e+00,7.000000000000000000e+00
3.998297441182174783e+00,5.000000000000000000e+00
3.027414344246149724e+01,4.000000000000000000e+01
2.777368394513675653e+01,4.000000000000000000e+01
2.335755432875023985e+01,3.500000000000000000e+01
1.126439885320536405e+01,1.700000000000000000e+01
1.744227521602740438e+01,2.500000000000000000e+01
5.637178629657277895e+00,7.000000000000000000e+00
2.135539275261640313e+01,2.400000000000000000e+01
2.586100074205620558e+01,4.000000000000000000e+01
4.612751061100552441e+00,8.000000000000000000e+00
2.305057569162939402e+01,3.100000000000000000e+01
2.171789207983773906e+01,3.400000000000000000e+01
2.177079484231165196e+01,3.400000000000000000e+01
1.357683872011430104e+01,1.500000000000000000e+01
4.358329750006870285e+00,6.000000000000000000e+00
7.277267540099922272e+00,9.000000000000000000e+00
2.499895408048235623e+01,4.000000000000000000e+01
1.188629956594075310e+01,1.600000000000000000e+01
1.165254294878318753e+01,1.800000000000000000e+01
1.616317881952996771e+01,2.400000000000000000e+01
2.625154896840076191e+01,4.000000000000000000e+01
9.747760885556781218e+00,1.300000000000000000e+01
1.696616369455876017e+00,3.000000000000000000e+00
1.644285473523206065e+01,2.200000000000000000e+01
8.112830123562924101e+00,1.000000000000000000e+01
2.419348905778167591e+01,4.000000000000000000e+01
1.414005242346650348e+01,2.000000000000000000e+01
7.108541314025876190e+00,1.300000000000000000e+01
1.458116788848760237e+01,2.500000000000000000e+01
1.127174548805545307e+01,1.400000000000000000e+01
2.600005712793604218e+01,4.000000000000000000e+01
2.794230244296394261e+01,4.000000000000000000e+01
2.094297965526773098e+01,3.200000000000000000e+01
9.635847469120660591e+00,1.500000000000000000e+01
1.844089363477716859e+01,2.700000000000000000e+01
2.846559091675943165e+01,4.000000000000000000e+01
8.580259513926208115e+00,1.000000000000000000e+01
1.735923437930182445e+01,2.400000000000000000e+01
1.822075023412088512e+01,2.500000000000000000e+01
3.581689249532695740e+00,5.000000000000000000e+00
2.491880378374829519e+01,4.000000000000000000e+01
1.655362785312940588e+01,2.200000000000000000e+01
2.069007605521204596e+01,2.800000000000000000e+01
2.541223711640422067e+01,4.000000000000000000e+01
5.790495274329982678e+00,8.000000000000000000e+00
1.880157848834044287e+01,2.800000000000000000e+01
1.297058700667053266e+01,1.900000000000000000e+01
1.221700233829119142e+01,2.000000000000000000e+01
2.722027927872028386e+01,4.000000000000000000e+01
9.805031939741629898e+00,1.100000000000000000e+01
8.691171198449170632e+00,1.400000000000000000e+01
9.612375543611992867e+00,1.300000000000000000e+01
7.828714615331324289e+00,1.100000000000000000e+01
1.644228406403140852e+01,2.400000000000000000e+01
6.945181553241408956e+00,1.100000000000000000e+01
3.361530669181180819e+00,5.000000000000000000e+00
1.985534707712415425e+01,3.000000000000000000e+01
1.897483819018834339e+01,3.100000000000000000e+01
1.924996351644974979e+01,3.000000000000000000e+01
3.446616369455875795e+00,5.000000000000000000e+00
4.189258854448256741e+00,6.000000000000000000e+00
1.730447283263835345e+01,2.600000000000000000e+01
2.757620186636795268e+01,3.500000000000000000e+01
1.113400539954448298e+01,1.400000000000000000e+01
8.219488542331481185e+00,1.100000000000000000e+01
1.694273301974564561e+01,2.200000000000000000e+01
1.055533660135908391e+01,1.300000000000000000e+01
1.883383597830871281e+01,3.100000000000000000e+01
8.717815783515890260e+00,1.200000000000000000e+01
3.277777777777777679e+00,5.000000000000000000e+00
1.124812647187201442e+01,1.400000000000000000e+01
1.677210609458088797e+01,2.500000000000000000e+01
1.849653605197588035e+01,2.500000000000000000e+01
1.383168038128365751e+01,1.500000000000000000e+01
1.887014905057914582e+00,3.000000000000000000e+00
3.094235344474018490e+01,4.000000000000000000e+01
3.026923186445539926e+01,4.000000000000000000e+01
2.391143286293248238e+01,3.300000000000000000e+01
2.666496411829610480e+01,4.000000000000000000e+01
1.355391263928523138e+01,2.000000000000000000e+01
5.667799516328302367e+00,8.000000000000000000e+00
7.720266105355205077e+00,9.000000000000000000e+00
1.208324274986696878e+01,1.900000000000000000e+01
2.697070363795991454e+01,3.800000000000000000e+01
8.053448525013525483e+00,1.100000000000000000e+01
1.113500568824369452e+01,1.400000000000000000e+01
6.418829743681095934e+00,8.000000000000000000e+00
4.969156153665256426e+00,6.000000000000000000e+00
9.970519661088664165e+00,1.300000000000000000e+01
1.924783527103183545e+01,2.600000000000000000e+01
1.943244405305575295e+00,3.000000000000000000e+00
2.029885033648037762e+01,3.000000000000000000e+01
2.894399809347984132e+01,4.000000000000000000e+01
1.333242570611333733e+01,2.000000000000000000e+01
4.554128001623230837e+00,6.000000000000000000e+00
9.584070271989881817e+00,1.400000000000000000e+01
7.445416518033558972e+00,9.000000000000000000e+00
1.185871270719381165e+01,1.700000000000000000e+01
2.844832779621161478e+01,4.000000000000000000e+01
2.974351025719053609e+01,4.000000000000000000e+01
2.341055087529470313e+01,3.500000000000000000e+01
2.919309367564061830e+01,4.000000000000000000e+01
6.244680734386808041e+00,9.000000000000000000e+00
1.458231219064614237e+01,2.400000000000000000e+01
6.248581641592466873e+00,8.000000000000000000e+00
1.349823464840257614e+01,2.200000000000000000e+01
1.233174965149414248e+01,1.900000000000000000e+01
1.513762751949897734e+01,2.000000000000000000e+01
6.973867317753385642e+00,1.100000000000000000e+01
1.495592751134260112e+01,1.900000000000000000e+01
1.344662508426702274e+01,2.000000000000000000e+01
9.275971696994011140e+00,1.200000000000000000e+01
2.733086106044287433e+01,4.000000000000000000e+01
9.473151380184376080e+00,1.400000000000000000e+01
1.738710877359879348e+01,2.300000000000000000e+01
1.185879039754508923e+01,1.800000000000000000e+01
1.958285298950286446e+01,2.800000000000000000e+01
1.236281364967768859e+01,1.600000000000000000e+01
1.022128722708417037e+01,1.300000000000000000e+01
8.720408281877594092e+00,1.300000000000000000e+01
2.769286066067640206e+01,4.000000000000000000e+01
2.821910883435490192e+01,4.000000000000000000e+01
6.431597620301298335e+00,9.000000000000000000e+00
3.066194807017198087e+01,4.000000000000000000e+01
1.644735112213519912e+01,2.700000000000000000e+01
2.019712760354865111e+01,2.800000000000000000e+01
1.436226387135829263e+01,2.200000000000000000e+01
5.802489486998589463e+00,7.000000000000000000e+00
6.887490027051436314e+00,1.100000000000000000e+01
1.938717761596221933e+01,2.700000000000000000e+01
1.691072480294143698e+00,3.000000000000000000e+00
2.175127049892941500e+01,3.400000000000000000e+01
9.414857678787319273e+00,1.400000000000000000e+01
8.022313103458129646e+00,1.000000000000000000e+01
1.066877243614797521e+01,1.500000000000000000e+01
2.341345409345424144e+01,3.500000000000000000e+01
1.163803771332479187e+01,1.600000000000000000e+01
1.616150712022699665e+01,2.500000000000000000e+01
1.079273301736282598e+01,1.200000000000000000e+01
1.774524602050431454e+01,2.600000000000000000e+01
1.193725450237447028e+01,1.700000000000000000e+01
9.319822328882713336e+00,1.100000000000000000e+01
1.230556546094996584e+01,1.900000000000000000e+01
2.535739685316360692e+01,4.000000000000000000e+01
1.430726680863372025e+01,2.200000000000000000e+01
1.185849154510527725e+01,1.400000000000000000e+01
4.246628035849699501e+00,6.000000000000000000e+00
1.091451681768839777e+01,1.700000000000000000e+01
1.190966065658031781e+01,1.500000000000000000e+01
9.529036438060812131e+00,1.600000000000000000e+01
2.602947928548214662e+01,4.000000000000000000e+01
1.666251095477819533e+01,2.300000000000000000e+01
5.495023021500866633e+00,7.000000000000000000e+00
1.983026536988763766e+01,3.000000000000000000e+01
4.969171353929426438e+00,6.000000000000000000e+00
1.411051521265443753e+01,1.600000000000000000e+01
2.580188922365024951e+01,3.300000000000000000e+01
4.914268104680695082e+00,6.000000000000000000e+00
2.691792124890536186e+01,4.000000000000000000e+01
1.608504476040020847e+01,2.500000000000000000e+01
2.700226135192171029e+01,4.000000000000000000e+01
1.897058700667062681e+01,2.600000000000000000e+01
2.669402780506016626e+01,4.000000000000000000e+01
2.488749792868368260e+01,4.000000000000000000e+01
2.291478585262195367e+01,3.700000000000000000e+01
1.314004776397053220e+01,2.000000000000000000e+01
2.602948918494379171e+01,4.000000000000000000e+01
1.113799076796347087e+01,1.800000000000000000e+01
8.305789604348774446e+00,1.100000000000000000e+01
6.861215295037219164e+00,1.000000000000000000e+01
2.263680886411428972e+01,3.500000000000000000e+01
5.386489284638333430e+00,6.000000000000000000e+00
2.444012060467219527e+01,4.000000000000000000e+01
6.468231628852874948e+00,9.000000000000000000e+00
1.041448587340698495e+01,1.300000000000000000e+01
2.363929702861247861e+01,3.900000000000000000e+01
2.361282251789228326e+01,4.000000000000000000e+01
1.008282196334164027e+01,1.200000000000000000e+01
2.646562785718496258e+01,4.000000000000000000e+01
2.427716979512322837e+01,4.000000000000000000e+01
2.730369256837072101e+01,4.000000000000000000e+01
2.613879145010159988e+01,4.000000000000000000e+01
2.599810612262359655e+01,4.000000000000000000e+01
3.775459595345668884e+00,5.000000000000000000e+00
2.838626142331481361e+01,4.000000000000000000e+01
2.552614201456407628e+01,4.000000000000000000e+01
1.946760685079945219e+01,2.700000000000000000e+01
2.602632465941341522e+01,4.000000000000000000e+01
2.516445628668273926e+01,4.000000000000000000e+01
2.255579725507049460e+01,3.500000000000000000e+01
8.360129248332984986e+00,1.100000000000000000e+01
1.819184191959332253e+01,2.900000000000000000e+01
1.963596627581675236e+01,2.600000000000000000e+01
2.994056676531303296e+01,4.000000000000000000e+01
2.549950000098726122e+01,4.000000000000000000e+01
1.238635100587639570e+01,1.800000000000000000e+01
2.533498146456013700e+01,4.000000000000000000e+01
2.486492828740723837e+01,4.000000000000000000e+01
2.552766695584937295e+01,4.000000000000000000e+01
2.594786986865833711e+01,4.000000000000000000e+01
4.276644928116142275e+00,7.000000000000000000e+00
9.468923280660375141e+00,1.200000000000000000e+01
3.638386369209933413e+00,5.000000000000000000e+00
6.439755033696643594e+00,8.000000000000000000e+00
1.202076280437321110e+01,1.700000000000000000e+01
1.308169811743055355e+01,2.000000000000000000e+01
2.119121515583149673e+01,3.200000000000000000e+01
2.591615883335059323e+01,4.000000000000000000e+01
4.690164341308937779e+00,7.000000000000000000e+00
2.797296576083768826e+01,4.000000000000000000e+01
1.323626762677005964e+01,2.100000000000000000e+01
1.554648547582011764e+00,3.000000000000000000e+00
2.713923223691968190e+01,4.000000000000000000e+01
1.777235458589231953e+01,2.600000000000000000e+01
1.380498335892509232e+01,1.800000000000000000e+01
9.855348799265224002e+00,1.200000000000000000e+01
1.021927091311825286e+01,1.500000000000000000e+01
1.830771860467213230e+01,2.500000000000000000e+01
2.647286536768221765e+01,4.000000000000000000e+01
1.385871942158861714e+01,1.700000000000000000e+01
2.646825900894746653e+01,4.000000000000000000e+01
1.063231882442319076e+01,1.300000000000000000e+01
2.261127877244637929e+01,2.900000000000000000e+01
2.544138286107057567e+01,3.400000000000000000e+01
4.384865866626593167e+00,6.000000000000000000e+00
2.635597493078705611e+01,4.000000000000000000e+01
8.414455760872655787e+00,1.400000000000000000e+01
1.035622520950326830e+01,1.200000000000000000e+01
2.747167564131253314e+01,4.000000000000000000e+01
1.660919612776896415e+01,2.600000000000000000e+01
1.427948920444720926e+01,2.100000000000000000e+01
1.158329448537396900e+01,1.600000000000000000e+01
2.561073105842337583e+01,4.000000000000000000e+01
2.122297415221724393e+01,3.300000000000000000e+01
6.778968971235381780e+00,1.000000000000000000e+01
1.880076523232729357e+01,2.400000000000000000e+01
1.558060790022618214e+01,1.900000000000000000e+01
2.766304590855944312e+01,4.000000000000000000e+01
2.102493225895319640e+01,3.100000000000000000e+01
2.771852503854123739e+01,3.900000000000000000e+01
5.275167080645160489e+00,7.000000000000000000e+00
2.935976511958199353e+01,4.000000000000000000e+01
4.218469398373911439e+00,6.000000000000000000e+00
6.998288593185173490e+00,8.000000000000000000e+00
2.847161004567456999e+01,4.000000000000000000e+01
1.285563267653337149e+01,1.700000000000000000e+01
2.788215172155957688e+01,4.000000000000000000e+01
1.838639784194726090e+01,2.700000000000000000e+01
1.485316470125344956e+01,1.700000000000000000e+01
2.469433786895887195e+01,4.000000000000000000e+01
2.980515841405993527e+01,4.000000000000000000e+01
1.688321015320073570e+01,2.500000000000000000e+01
2.660948242853303469e+01,4.000000000000000000e+01
7.051919043821322397e+00,1.000000000000000000e+01
1.161111094921066211e+01,1.800000000000000000e+01
5.859684742994274664e+00,8.000000000000000000e+00
2.799910700937017083e+01,4.000000000000000000e+01
2.474847160694896786e+01,3.800000000000000000e+01
1.580730133918643787e+01,2.500000000000000000e+01
1.291358126531231854e+01,1.600000000000000000e+01
2.869569793319178430e+01,4.000000000000000000e+01
2.677212674136314163e+01,3.900000000000000000e+01
5.887198742949270702e+00,1.000000000000000000e+01
2.511190675043872034e+01,4.000000000000000000e+01
2.543932705695630148e+01,4.000000000000000000e+01
2.879984061152531183e+01,4.000000000000000000e+01
1.041428114097309887e+01,1.200000000000000000e+01
2.783078213575500470e+01,4.000000000000000000e+01
4.995276495760315072e+00,7.000000000000000000e+00
1.531616347436769132e+01,2.100000000000000000e+01
2.760860703020996354e+01,4.000000000000000000e+01
1.166495523995099148e+01,1.400000000000000000e+01
1.216445477645886086e+01,1.700000000000000000e+01
6.552248855254793725e+00,8.000000000000000000e+00
2.555596369226631381e+01,4.000000000000000000e+01
2.721826089797936632e+01,3.900000000000000000e+01
1.741700162577053135e+01,2.400000000000000000e+01
6.496018683505538682e+00,8.000000000000000000e+00
2.836137187334486853e+01,4.000000000000000000e+01
1.630464922791088611e+01,2.100000000000000000e+01
2.588922317166631615e+01,4.000000000000000000e+01
1.336015749961585186e+01,1.600000000000000000e+01
1.463359564268587931e+01,2.100000000000000000e+01
1.474862168121254591e+01,2.300000000000000000e+01
7.529489031154800394e+00,1.200000000000000000e+01
2.716632662009693888e+01,4.000000000000000000e+01
4.224394147233653918e+00,6.000000000000000000e+00
7.580186572294989489e+00,1.000000000000000000e+01
1.887014905057914582e+00,3.000000000000000000e+00
2.402903124674534041e+01,4.000000000000000000e+01
1.141837809373353352e+01,1.800000000000000000e+01
1.305317895161080877e+01,1.900000000000000000e+01
1.866285065784851227e+01,2.300000000000000000e+01
2.205036848634663826e+01,3.000000000000000000e+01
2.816154130654706123e+01,4.000000000000000000e+01
2.783030186003868423e+01,4.000000000000000000e+01
1.512499238075441887e+01,2.100000000000000000e+01
1.855204868243248129e+01,2.900000000000000000e+01
1.293803169447654078e+01,1.800000000000000000e+01
1.369564563085618758e+01,1.800000000000000000e+01
2.519495581470864920e+01,4.000000000000000000e+01
7.996899215120481408e+00,1.000000000000000000e+01
1.741496410789508786e+01,2.400000000000000000e+01
2.568757999776040535e+01,4.000000000000000000e+01
2.655620105674686471e+01,4.000000000000000000e+01
1.413871164884891130e+01,1.900000000000000000e+01
9.055953682113862868e+00,1.500000000000000000e+01
2.439059261748053231e+01,4.000000000000000000e+01
2.719263432692536853e+01,4.000000000000000000e+01
1.780409396026968949e+01,2.700000000000000000e+01
2.440384084761851469e+01,3.500000000000000000e+01
1.604997811798724783e+01,2.400000000000000000e+01
8.359910960227553645e+00,1.000000000000000000e+01
9.167462230625435637e+00,1.500000000000000000e+01
1.402596022842578982e+01,2.100000000000000000e+01
1.177355915961222621e+01,1.300000000000000000e+01
2.338274064516039630e+01,3.300000000000000000e+01
1.902604359422986846e+01,2.900000000000000000e+01
2.413059176981905907e+01,3.600000000000000000e+01
2.469125535883216926e+01,3.900000000000000000e+01
1.097266666906899601e+01,1.400000000000000000e+01
1.411141969716750388e+01,1.800000000000000000e+01
2.998355916199362259e+00,4.000000000000000000e+00
2.305234535626540548e+01,3.100000000000000000e+01
4.138444844227121777e+00,6.000000000000000000e+00
4.498297441182175227e+00,6.000000000000000000e+00
5.833354749979201337e+00,8.000000000000000000e+00
1.202378340875952389e+01,1.400000000000000000e+01
1.419123380436509230e+01,2.300000000000000000e+01
8.359996980749984985e+00,1.100000000000000000e+01
4.969823660236250440e+00,6.000000000000000000e+00
1.699772841722352723e+01,2.500000000000000000e+01
6.774995654961599278e+00,9.000000000000000000e+00
7.501262638443668251e+00,1.000000000000000000e+01
7.668369245690293212e+00,1.300000000000000000e+01
5.747746186372094002e+00,9.000000000000000000e+00
2.874460603803626313e+01,4.000000000000000000e+01
1.707757218931661924e+01,2.100000000000000000e+01
8.386106766072707330e+00,1.100000000000000000e+01
1.766701369842310143e+01,2.600000000000000000e+01
2.574858349055764606e+01,4.000000000000000000e+01
2.747109296117466926e+01,4.000000000000000000e+01
8.642763221636235116e+00,1.300000000000000000e+01
1.649909419987508485e+01,2.500000000000000000e+01
5.443537393068170971e+00,8.000000000000000000e+00
6.964928318775765348e+00,9.000000000000000000e+00
3.386498241640496509e+00,4.000000000000000000e+00
8.579194950091155292e+00,1.200000000000000000e+01
3.584524246288723681e+00,5.000000000000000000e+00
1.974909159125680347e+01,2.300000000000000000e+01
2.893739410159741610e+01,4.000000000000000000e+01
2.874736772822880937e+01,4.000000000000000000e+01
2.647175852323700695e+01,4.000000000000000000e+01
1.286357493775635064e+01,2.100000000000000000e+01
1.608384472095638884e+01,2.600000000000000000e+01
1.019009700070963476e+01,1.300000000000000000e+01
2.433380570525054765e+01,3.800000000000000000e+01
2.271883384594506339e+01,3.100000000000000000e+01
7.108098766241820243e+00,1.100000000000000000e+01
2.766696468241986651e+01,4.000000000000000000e+01
2.693244405305574851e+00,4.000000000000000000e+00
2.877581841633176651e+01,4.000000000000000000e+01
2.819255137685581047e+01,4.000000000000000000e+01
2.613748778446975152e+01,4.000000000000000000e+01
1.072095483986336184e+01,1.300000000000000000e+01
3.608031047114472312e+00,6.000000000000000000e+00
5.855356982925133735e+00,8.000000000000000000e+00
8.998288573284325409e+00,1.000000000000000000e+01
1.646918801822607392e+01,2.300000000000000000e+01
2.680851771285878016e+01,4.000000000000000000e+01
2.860628645388683111e+01,4.000000000000000000e+01
1.799761053258860599e+01,2.100000000000000000e+01
4.122609678408574396e+00,5.000000000000000000e+00
9.416257139826335276e+00,1.200000000000000000e+01
3.155485675619716091e+01,4.000000000000000000e+01
2.819326892986255118e+01,4.000000000000000000e+01
6.373950407396961282e+00,8.000000000000000000e+00
1.390829957305666653e+01,1.600000000000000000e+01
1.857991245601686714e+01,2.400000000000000000e+01
1.802305540984229992e+01,2.000000000000000000e+01
3.497892465433543485e+00,5.000000000000000000e+00
2.840964118311286413e+01,3.500000000000000000e+01
6.690725060421524262e+00,8.000000000000000000e+00
2.760432505707729334e+01,3.800000000000000000e+01
2.272055863611491233e+01,3.600000000000000000e+01
8.773208972820231821e+00,1.100000000000000000e+01
1.937466856914028668e+01,2.700000000000000000e+01
7.829364062352039078e+00,1.100000000000000000e+01
2.943866119691891470e+01,4.000000000000000000e+01
2.194163649888238510e+01,2.700000000000000000e+01
2.689200736136458758e+01,4.000000000000000000e+01
2.682758736961888957e+01,4.000000000000000000e+01
2.688909308374406493e+01,4.000000000000000000e+01
2.846929622076811484e+01,4.000000000000000000e+01
1.241464804012726297e+01,1.600000000000000000e+01
9.912904250144654483e+00,1.100000000000000000e+01
2.619638534339117086e+01,3.900000000000000000e+01
1.888881880958934900e+01,2.700000000000000000e+01
7.357236627281854346e+00,1.000000000000000000e+01
9.356551622602518492e+00,1.300000000000000000e+01
2.735526437470445771e+01,3.600000000000000000e+01
2.380720229446235692e+01,4.000000000000000000e+01
1.091399510039845744e+01,1.500000000000000000e+01
2.174532889381308465e+01,3.000000000000000000e+01
2.468850258071921822e+00,4.000000000000000000e+00
3.026577738638908333e+00,4.000000000000000000e+00
2.699777884290126906e+01,4.000000000000000000e+01
2.411282136186796876e+01,4.000000000000000000e+01
2.494524771030942745e+01,4.000000000000000000e+01
1.561334905776451087e+01,1.900000000000000000e+01
2.819461315913072497e+01,4.000000000000000000e+01
5.499320394069966866e+00,8.000000000000000000e+00
5.803157130822626186e+00,7.000000000000000000e+00
2.080551972229092605e+00,3.000000000000000000e+00
2.625171039299939579e+01,4.000000000000000000e+01
3.041547534168351419e+01,4.000000000000000000e+01
1.952447315654860915e+01,3.300000000000000000e+01
8.139683798841300444e+00,1.200000000000000000e+01
2.993932924477059743e+01,4.000000000000000000e+01
1.094263214229058079e+01,1.600000000000000000e+01
2.466455954504466774e+01,4.000000000000000000e+01
3.096642445397662513e+01,4.000000000000000000e+01
2.872202362614627802e+01,4.000000000000000000e+01
8.414573569245980877e+00,1.000000000000000000e+01
2.577762165009416861e+01,4.000000000000000000e+01
2.671989793021314341e+01,4.000000000000000000e+01
4.577877373473842937e+00,6.000000000000000000e+00
2.138496630958132627e+01,2.900000000000000000e+01
2.521733601483828480e+01,4.000000000000000000e+01
2.355433074123144621e+01,3.300000000000000000e+01
2.438845035286693985e+01,3.600000000000000000e+01
4.552257412723414554e+00,6.000000000000000000e+00
2.869222847692912381e+01,4.000000000000000000e+01
2.902635206454299066e+01,4.000000000000000000e+01
2.675171142706616934e+01,4.000000000000000000e+01
5.413498513437849269e+00,8.000000000000000000e+00
1.755544222749905359e+01,2.400000000000000000e+01
2.352847245232739581e+01,3.600000000000000000e+01
2.780088791083619526e+01,4.000000000000000000e+01
2.221660134896141869e+01,2.900000000000000000e+01
2.774821975489737369e+01,4.000000000000000000e+01
9.414266773790307852e+00,1.100000000000000000e+01
2.749995276545719847e+01,4.000000000000000000e+01
1.859911071972241592e+00,3.000000000000000000e+00
2.822123799783491194e+01,4.000000000000000000e+01
8.219804733312143341e+00,1.200000000000000000e+01
2.769201193022138696e+01,4.000000000000000000e+01
1.191495642768701479e+01,1.600000000000000000e+01
2.592055001874497933e+01,4.000000000000000000e+01
2.533142991334262106e+01,4.000000000000000000e+01
1.339277224061599902e+01,1.900000000000000000e+01
3.127596045574092898e+01,4.000000000000000000e+01
5.664281294756013274e+00,7.000000000000000000e+00
2.852800659749416212e+01,4.000000000000000000e+01
1.566250493621374673e+01,2.100000000000000000e+01
2.560979493055507206e+01,3.700000000000000000e+01
6.773205680719591726e+00,8.000000000000000000e+00
2.442692535943597587e+00,4.000000000000000000e+00
3.005449566010868878e+01,4.000000000000000000e+01
1.998799960861130653e+00,3.000000000000000000e+00
2.522051346478738409e+01,4.000000000000000000e+01
3.331527410721113469e+00,5.000000000000000000e+00
2.480538733755354386e+01,4.000000000000000000e+01
1.863917624904771131e+01,2.900000000000000000e+01
2.033238454860199340e+01,3.300000000000000000e+01
2.747177049585084063e+01,3.600000000000000000e+01
2.530544264968450818e+01,4.000000000000000000e+01
3.803003976327307356e+00,5.000000000000000000e+00
2.998741485843942733e+00,4.000000000000000000e+00
2.638969100795459255e+01,4.000000000000000000e+01
7.362822384734093895e+00,1.200000000000000000e+01
2.855569048767905826e+01,4.000000000000000000e+01
1.360654832196025055e+01,1.500000000000000000e+01
9.640080059779506882e+00,1.200000000000000000e+01
1.925348752497398053e+01,3.100000000000000000e+01
8.973875173920710324e+00,1.400000000000000000e+01
2.657759460191344303e+01,3.300000000000000000e+01
2.572295844875750248e+01,4.000000000000000000e+01
2.755674688053323607e+01,4.000000000000000000e+01
2.686282251530588994e+01,4.000000000000000000e+01
2.808413726497260754e+01,4.000000000000000000e+01
2.594564915317122455e+01,4.000000000000000000e+01
5.470511962990610932e+00,7.000000000000000000e+00
2.341746995541874199e+01,4.000000000000000000e+01
9.940166100137247440e+00,1.200000000000000000e+01
4.747601489077239556e+00,6.000000000000000000e+00
2.458308886902179680e+01,4.000000000000000000e+01
2.441746995474833781e+01,3.500000000000000000e+01
3.058243712511317725e+01,4.000000000000000000e+01
2.669422982928472976e+01,4.000000000000000000e+01
2.738429993178013433e+01,4.000000000000000000e+01
2.091746995474305848e+01,3.400000000000000000e+01
1.133426931430490470e+01,1.800000000000000000e+01
2.722392491422571936e+01,4.000000000000000000e+01
2.602593878903614311e+01,4.000000000000000000e+01
1.122277284911895379e+01,1.300000000000000000e+01
8.134775483190766820e+00,1.000000000000000000e+01
2.533237386376077183e+01,4.000000000000000000e+01
2.843832348019158474e+01,4.000000000000000000e+01
9.024188007012980961e+00,1.100000000000000000e+01
2.794277913201014485e+01,4.000000000000000000e+01
2.774996416673536803e+00,4.000000000000000000e+00
2.685912282789273320e+01,4.000000000000000000e+01
1.755776651200295646e+01,2.300000000000000000e+01
2.646782780760171505e+01,4.000000000000000000e+01
3.192631305181441448e+00,5.000000000000000000e+00
2.663664751547157294e+01,4.000000000000000000e+01
1.446744683566452849e+01,1.800000000000000000e+01
2.819121890772147054e+01,4.000000000000000000e+01
2.824687248375294502e+01,4.000000000000000000e+01
5.469604467563001116e+00,7.000000000000000000e+00
2.960316004332508655e+01,4.000000000000000000e+01
2.588746923491113705e+01,4.000000000000000000e+01
2.869741195612049722e+01,4.000000000000000000e+01
1.955585948584378286e+01,3.100000000000000000e+01
9.387244805042806561e+00,1.200000000000000000e+01
2.672296686427802470e+01,4.000000000000000000e+01
1.166649794785436711e+01,1.700000000000000000e+01
1.653165053123017358e+01,2.700000000000000000e+01
2.944614600946268723e+01,4.000000000000000000e+01
1.016385858276423626e+01,1.300000000000000000e+01
2.744370924512182341e+01,4.000000000000000000e+01
7.112822515610202956e+00,1.200000000000000000e+01
2.789232531569588502e+01,4.000000000000000000e+01
2.866116862386710196e+01,4.000000000000000000e+01
2.155197887763005937e+01,3.500000000000000000e+01
2.563871180290750118e+01,4.000000000000000000e+01
2.619570576786285798e+01,4.000000000000000000e+01
8.277720316806851386e+00,1.200000000000000000e+01
2.688523163504042657e+01,4.000000000000000000e+01
2.730725129515106175e+01,4.000000000000000000e+01
2.869235542502588387e+01,4.000000000000000000e+01
6.363688691919541007e+00,1.000000000000000000e+01
2.755566872245243459e+01,4.000000000000000000e+01
5.719823711299461877e+00,7.000000000000000000e+00
2.555219538021009740e+01,4.000000000000000000e+01
1.711947483321089436e+01,2.300000000000000000e+01
2.227579177252297882e+01,2.800000000000000000e+01
3.086140286006281030e+01,4.000000000000000000e+01
2.935715205065610789e+01,4.000000000000000000e+01
2.832996924558755225e+01,4.000000000000000000e+01
1.130845520069106769e+01,1.400000000000000000e+01
1.130726697960430904e+01,1.600000000000000000e+01
2.769336881671942407e+01,4.000000000000000000e+01
2.544523152768261198e+01,4.000000000000000000e+01
1.677333137773434046e+01,2.600000000000000000e+01
3.046848208764768984e+01,4.000000000000000000e+01
3.002691528618846917e+01,4.000000000000000000e+01
1.050200437397706921e+01,1.600000000000000000e+01
2.360525884603005764e+01,3.500000000000000000e+01
1.298505509803879043e+01,1.900000000000000000e+01
1.011408632380822503e+01,1.600000000000000000e+01
2.638731955895274339e+01,4.000000000000000000e+01
2.866780054827072277e+01,4.000000000000000000e+01
1.347101381958523625e+01,1.900000000000000000e+01
2.141665681598196969e+01,3.000000000000000000e+01
2.683057282368789842e+01,4.000000000000000000e+01
2.902556666632105475e+01,4.000000000000000000e+01
2.702858106546194961e+01,4.000000000000000000e+01
2.374646916172531164e+01,2.900000000000000000e+01
2.994378812729585349e+01,4.000000000000000000e+01
2.822422625188527334e+01,4.000000000000000000e+01
2.557956004298141295e+01,4.000000000000000000e+01
1.139015357436280240e+01,1.800000000000000000e+01
2.477952230688335433e+01,4.000000000000000000e+01
4.606216677226931289e+00,7.000000000000000000e+00
1.014277206924796637e+01,1.400000000000000000e+01
2.713587681171594568e+01,4.000000000000000000e+01
2.755893522273514762e+01,4.000000000000000000e+01
2.536269682436844519e+01,4.000000000000000000e+01
2.547422086291569343e+01,4.000000000000000000e+01
2.236281033993100564e+01,2.700000000000000000e+01
2.675080393128610723e+01,4.000000000000000000e+01
3.102251182276044617e+01,4.000000000000000000e+01
2.652850387636096841e+01,4.000000000000000000e+01
6.522308377502088916e+00,9.000000000000000000e+00
1.688678825970956865e+01,2.100000000000000000e+01
3.191048559973046750e+01,4.000000000000000000e+01
1.886282253817191190e+01,2.700000000000000000e+01
1.272063715891758306e+01,1.700000000000000000e+01
2.793967705706487692e+01,4.000000000000000000e+01
2.613969282052806875e+01,4.000000000000000000e+01
8.355947095547554326e+00,1.300000000000000000e+01
2.986095996811549114e+01,4.000000000000000000e+01
6.027266543638776675e+00,8.000000000000000000e+00
2.810176480348566130e+01,4.000000000000000000e+01
2.208039055435326858e+01,3.200000000000000000e+01
2.918936361231276067e+01,4.000000000000000000e+01
2.952550532063820299e+01,4.000000000000000000e+01
2.536281483799429637e+01,3.900000000000000000e+01
1.835405864744892313e+01,2.700000000000000000e+01
2.855419847324225913e+01,4.000000000000000000e+01
9.633125911993730028e+00,1.200000000000000000e+01
2.841289337270690041e+01,4.000000000000000000e+01
2.260923932055974461e+01,3.200000000000000000e+01
1.761145327312907938e+01,2.700000000000000000e+01
1.737497438545351258e+01,2.500000000000000000e+01
2.613534447533167437e+01,4.000000000000000000e+01
2.499639364241670947e+01,4.000000000000000000e+01
2.735358733675712273e+01,3.800000000000000000e+01
2.747026921455439918e+01,4.000000000000000000e+01
1.160979710870916826e+01,1.600000000000000000e+01
2.139269618188504296e+01,3.400000000000000000e+01
3.220502042286345290e+00,6.000000000000000000e+00
1.030779465245910664e+01,1.400000000000000000e+01
2.658243017030275723e+01,4.000000000000000000e+01
2.741530027167075545e+01,4.000000000000000000e+01
3.085814827259842019e+01,4.000000000000000000e+01
7.496009399028025655e+00,1.000000000000000000e+01
2.874903240553949146e+01,3.800000000000000000e+01
8.108537268447552293e+00,1.200000000000000000e+01
2.836185590659048472e+01,4.000000000000000000e+01
5.996410780649606309e+00,7.000000000000000000e+00
2.719246842207950365e+01,3.500000000000000000e+01
